num_1,num_2,add_nums,sub_nums,mult_nums,div_nums
70,48,118,22,3360,1.458333333
29,61,90,-32,1769,0.475409836
84,25,109,59,2100,3.36
38,53,91,-15,2014,0.716981132
28,11,39,17,308,2.545454545
